variable,peak_index,time_s,time_us,value
uC1,25,8e-08,0.08,1.1465706167338876
uC1,134,4.2880000000000003e-07,0.4288,0.8632312055444876
uC1,244,7.808e-07,0.7808,0.7186408966442197
uC1,356,1.1392e-06,1.1392,0.6796074231924025
uC1,449,1.4368e-06,1.4367999999999999,1.6020611289518978
uC1,558,1.7856000000000001e-06,1.7856,1.096559756466066
uC1,668,2.1376e-06,2.1376,0.8371536725585057
uC1,778,2.4896000000000003e-06,2.4896000000000003,0.7041542404826001
uC1,888,2.8416e-06,2.8416,0.6375779750003367
uC1,992,3.1744e-06,3.1744,1.3377216368595486
uC1,1101,3.5232e-06,3.5232,0.9614872928779605
uC1,1211,3.8752e-06,3.8752,0.7687511360310108
uC1,1321,4.2272e-06,4.2272,0.674781663551706
uC1,1419,4.5408e-06,4.5408,1.5389783507926522
uC1,1528,4.889600000000001e-06,4.889600000000001,1.0643650418710269
uC1,1638,5.2416e-06,5.2416,0.8207101394034553
uC1,1748,5.5936e-06,5.5936,0.6960185165365566
uC1,1858,5.9456e-06,5.945600000000001,0.6361123679733712
uC1,1951,6.243200000000001e-06,6.243200000000001,1.4531696332081951
uC1,2061,6.5952e-06,6.5952,1.0203273694307555
uC1,2170,6.944e-06,6.944,0.7982820718146216
uC1,2280,7.296e-06,7.296,0.6853159361455388
uC1,2395,7.664e-06,7.664,1.0580593002263263
uC1,2504,8.0128e-06,8.0128,0.8221156549248959
uC1,2614,8.3648e-06,8.3648,1.4031736634345908
uC1,2724,8.716800000000001e-06,8.716800000000001,0.9949754965720803
uC1,2834,9.0688e-06,9.0688,0.7855194672450773
uC1,2944,9.4208e-06,9.4208,0.6799739565373749
uC1,3049,9.756800000000001e-06,9.756800000000002,1.410230737930473
uC1,3159,1.01088e-05,10.1088,0.9983536659253351
uC1,3268,1.04576e-05,10.4576,0.787232053082518
uC1,3378,1.08096e-05,10.809600000000001,0.6805112843926484
uC1,3485,1.1152000000000001e-05,11.152000000000001,1.365636302385742
uC1,3595,1.1504e-05,11.504,0.9756306204921621
uC1,3704,1.1852800000000001e-05,11.8528,0.7757403549020441
uC1,3814,1.22048e-05,12.2048,0.6763144459106467
uC1,3915,1.2528000000000001e-05,12.528,1.4926566103404337
uC1,4025,1.288e-05,12.88,1.0406529611778566
uC1,4135,1.3232e-05,13.232,0.8085470977867805
uC1,4244,1.35808e-05,13.5808,0.6901278412114884
uC1,4356,1.39392e-05,13.9392,0.6416472338941909
uC1,4442,1.42144e-05,14.214400000000001,1.4881269464441351
uC1,4552,1.45664e-05,14.5664,1.038421538664959
uC1,4662,1.4918400000000001e-05,14.918400000000002,0.8074493128203553
uC1,4772,1.5270400000000002e-05,15.270400000000002,0.6895568342434729
uC1,4883,1.56256e-05,15.625600000000002,0.641627861356702
uC1,4970,1.5904000000000002e-05,15.904000000000002,1.4877733316804356
uC1,5079,1.62528e-05,16.2528,1.0382152106609992
uC1,5189,1.66048e-05,16.6048,0.8073806944819459
uC1,5299,1.69568e-05,16.9568,0.6895403707347818
uC1,5410,1.7312e-05,17.312,0.6417319513491202
uC1,5497,1.75904e-05,17.5904,1.4883396316360846
uC1,5606,1.79392e-05,17.9392,1.0382891522275317
uC1,5716,1.8291200000000002e-05,18.291200000000003,0.8074545283851645
uC1,5826,1.86432e-05,18.6432,0.6895909969354533
uC1,5937,1.89984e-05,18.9984,0.6415823726176354
uC1,6024,1.92768e-05,19.2768,1.4878890168765193
uC1,6134,1.96288e-05,19.628800000000002,1.038118716530289
uC1,6243,1.99776e-05,19.9776,0.8072642050172971
uC1,6353,2.03296e-05,20.3296,0.6895145875045633
uC1,6464,2.0684800000000002e-05,20.684800000000003,0.6417821356160116
uC1,6551,2.09632e-05,20.9632,1.4886740516211414
uC1,6661,2.1315200000000002e-05,21.3152,1.0385945676286994
uC1,6771,2.16672e-05,21.6672,0.8074831305206256
uC1,6880,2.2016e-05,22.016000000000002,0.6895893530501137
uC1,6992,2.23744e-05,22.3744,0.6414625333081031
uC1,7078,2.26496e-05,22.6496,1.487405714864164
uC1,7188,2.30016e-05,23.0016,1.0380170570556646
uC1,7298,2.33536e-05,23.3536,0.8072261953011367
uC1,7408,2.3705600000000002e-05,23.7056,0.689442163807314
uC1,7519,2.4060800000000002e-05,24.0608,0.6419405808000627
uC1,7605,2.4336000000000002e-05,24.336000000000002,1.4888860998390108
uC1,7715,2.4688e-05,24.688000000000002,1.0388508080863015
uC1,7825,2.504e-05,25.04,0.8076875525257633
uC1,7935,2.5392e-05,25.392,0.6896793116691768
uC1,8046,2.57472e-05,25.7472,0.6412824623326553
uC1,8133,2.60256e-05,26.0256,1.4866037517303823
uC1,8242,2.63744e-05,26.374399999999998,1.0374982837797297
uC1,8352,2.6726400000000002e-05,26.7264,0.8070363720350296
uC1,8462,2.70784e-05,27.078400000000002,0.6893851819919176
uC1,8573,2.74336e-05,27.433600000000002,0.6422657295772943
uC1,8660,2.7712e-05,27.712000000000003,1.4904216042703298
uC1,8770,2.8064e-05,28.064,1.0393910430337059
uC1,8879,2.84128e-05,28.4128,0.8079473172495883
uC1,8989,2.87648e-05,28.7648,0.6898355348397941
uC1,9100,2.9120000000000002e-05,29.12,0.640855962003626
uC1,9187,2.93984e-05,29.3984,1.4852168968180819
uC1,9297,2.9750400000000002e-05,29.750400000000003,1.0368034403955226
uC1,9407,3.01024e-05,30.102400000000003,0.8065630966752783
uC1,9516,3.04512e-05,30.4512,0.6891682979099972
uC1,9628,3.0809600000000004e-05,30.809600000000003,0.6429759954110498
uC1,9714,3.1084800000000004e-05,31.084800000000005,1.4930263087452138
uC1,9824,3.1436800000000004e-05,31.436800000000005,1.0409043454122464
uC1,9934,3.17888e-05,31.788800000000002,0.8086972168056542
uC2,112,3.5840000000000003e-07,0.35840000000000005,0.010721715908754714
uC2,223,7.136e-07,0.7136,0.02549271173554191
uC2,335,1.072e-06,1.072,0.9411233782481326
uC2,427,1.3664e-06,1.3664,25.236588885039907
uC2,493,1.5776000000000002e-06,1.5776000000000001,3.146569344216369e-05
uC2,648,2.0736e-06,2.0736,0.00453804356793109
uC2,759,2.4288e-06,2.4288,0.011148443884521781
uC2,872,2.7904e-06,2.7904,0.03670927253834737
uC2,969,3.1008e-06,3.1008,22.995101638506352
uC2,1078,3.4496e-06,3.4495999999999998,0.01003155755320046
uC2,1189,3.8048e-06,3.8048,0.01981717689520819
uC2,1301,4.1632e-06,4.1632,0.09649276746766348
uC2,1397,4.4704000000000004e-06,4.470400000000001,24.6007410228874
uC2,1509,4.8288e-06,4.8288,0.0019544475119244744
uC2,1617,5.1744e-06,5.1744,0.006455192456623745
uC2,1729,5.5328e-06,5.5328,0.015640410357255958
uC2,1841,5.8912000000000004e-06,5.8912,0.07481132833189705
uC2,1929,6.1728000000000004e-06,6.1728000000000005,24.770942084728677
uC2,2038,6.5216e-06,6.5216,0.004473603591913296
uC2,2149,6.8768e-06,6.8768,0.010082741765057251
uC2,2260,7.232e-06,7.232,0.02661545523901856
uC2,2372,7.5904e-06,7.5904,17.409612905156454
uC2,2481,7.9392e-06,7.9392000000000005,0.09185552698979682
uC2,2593,8.2976e-06,8.2976,21.14228346463962
uC2,2701,8.6432e-06,8.6432,0.006964952292818343
uC2,2812,8.9984e-06,8.9984,0.014010477886924456
uC2,2924,9.3568e-06,9.3568,0.04400994153876949
uC2,3027,9.686400000000001e-06,9.6864,23.33322732464955
uC2,3136,1.00352e-05,10.0352,0.006319235550335352
uC2,3247,1.03904e-05,10.3904,0.01298447056246853
uC2,3358,1.0745600000000001e-05,10.745600000000001,0.03882935965433239
uC2,3463,1.10816e-05,11.0816,22.873474305965203
uC2,3572,1.14304e-05,11.4304,0.008515982248340437
uC2,3683,1.1785600000000001e-05,11.7856,0.016842401710663882
uC2,3794,1.21408e-05,12.1408,0.06374128403515789
uC2,3894,1.2460800000000001e-05,12.4608,24.060177062186554
uC2,4003,1.28096e-05,12.8096,0.003260918226986231
uC2,4113,1.3161600000000001e-05,13.161600000000002,0.008291883600220302
uC2,4225,1.3520000000000001e-05,13.520000000000001,0.020715308467738336
uC2,4337,1.38784e-05,13.878400000000001,0.21695572696152923
uC2,4420,1.4144e-05,14.144,25.258827050220916
uC2,4531,1.44992e-05,14.4992,0.0032637197359573216
uC2,4641,1.4851200000000001e-05,14.8512,0.008300228157260425
uC2,4752,1.52064e-05,15.2064,0.02077071915169096
uC2,4864,1.55648e-05,15.5648,0.22179754549607864
uC2,4948,1.58336e-05,15.8336,25.399829762463025
uC2,5058,1.61856e-05,16.1856,0.0032728140384201024
uC2,5168,1.65376e-05,16.537599999999998,0.008312901240482956
uC2,5279,1.6892800000000002e-05,16.8928,0.020803236081421157
uC2,5391,1.7251200000000002e-05,17.2512,0.22398957598947516
uC2,5475,1.752e-05,17.520000000000003,25.407623249550365
uC2,5585,1.7872e-05,17.872,0.0032620162271529032
uC2,5695,1.8224e-05,18.224,0.008296921262665902
uC2,5807,1.85824e-05,18.5824,0.02075047972058379
uC2,5918,1.89376e-05,18.9376,0.2206579783319485
uC2,6002,1.92064e-05,19.2064,25.373067090392624
uC2,6112,1.9558400000000002e-05,19.558400000000002,0.003278842931684513
uC2,6222,1.99104e-05,19.910400000000003,0.008320795644216932
uC2,6334,2.02688e-05,20.268800000000002,0.020826403794690276
uC2,6446,2.06272e-05,20.627200000000002,0.2253317873949872
uC2,6529,2.08928e-05,20.8928,25.34021559414456
uC2,6639,2.12448e-05,21.2448,0.0032536231075066847
uC2,6749,2.15968e-05,21.596799999999998,0.00828435006648783
uC2,6861,2.19552e-05,21.955199999999998,0.020721653577381993
uC2,6973,2.23136e-05,22.3136,0.21863705020836982
uC2,7056,2.2579200000000002e-05,22.579200000000004,25.285258226261472
uC2,7166,2.29312e-05,22.9312,0.0032884626603817773
uC2,7277,2.32864e-05,23.2864,0.008334330726200465
uC2,7388,2.36416e-05,23.6416,0.020877203524007584
uC2,7500,2.4e-05,24.0,0.22877669395438222
uC2,7584,2.42688e-05,24.2688,25.354839121991073
uC2,7694,2.46208e-05,24.6208,0.0032363002659143323
uC2,7804,2.4972800000000003e-05,24.972800000000003,0.008260380234265518
uC2,7915,2.5328000000000002e-05,25.328000000000003,0.02064746979612507
uC2,8027,2.5686400000000002e-05,25.686400000000003,0.2141648983345527
uC2,8111,2.5955200000000002e-05,25.9552,25.407025978532474
uC2,8221,2.63072e-05,26.3072,0.0033131692322862618
uC2,8331,2.66592e-05,26.659200000000002,0.008370912989400531
uC2,8442,2.70144e-05,27.0144,0.020975914949235945
uC2,8554,2.73728e-05,27.3728,0.23581775111542455
uC2,8638,2.76416e-05,27.6416,25.401960141681297
uC2,8748,2.7993600000000002e-05,27.993600000000004,0.0032003170871049503
uC2,8858,2.8345600000000002e-05,28.3456,0.008208146020800963
uC2,8970,2.8704e-05,28.704,0.020487045614510747
uC2,9082,2.90624e-05,29.0624,0.20476212356806037
uC2,9165,2.9328e-05,29.328,25.322935288344954
uC2,9275,2.968e-05,29.68,0.0033622646294413114
uC2,9385,3.0032e-05,30.032,0.008440589346639845
uC2,9497,3.03904e-05,30.3904,0.021193166882127183
uC2,9609,3.07488e-05,30.7488,0.25176884862592724
uC2,9692,3.10144e-05,31.0144,25.321354585860263
uC2,9803,3.13696e-05,31.3696,0.003116228582294487
uC2,9913,3.17216e-05,31.7216,0.008087636271806408
iL1,53,1.696e-07,0.1696,0.004407878837144807
iL1,161,5.152000000000001e-07,0.5152000000000001,0.0026448940243991104
iL1,269,8.608e-07,0.8608,0.0013273127807784187
iL1,379,1.2128e-06,1.2128,0.0005136607817289779
iL1,477,1.5264000000000001e-06,1.5264000000000002,0.007168608925018046
iL1,586,1.8752e-06,1.8752,0.004707021905395225
iL1,695,2.2240000000000002e-06,2.224,0.0030142756812199197
iL1,802,2.5664e-06,2.5664000000000002,0.0017255100639564634
iL1,907,2.9024e-06,2.9024,0.0006700361647411297
iL1,1020,3.264e-06,3.264,0.005289466457775332
iL1,1129,3.6128e-06,3.6128,0.0032345298811013883
iL1,1237,3.9584e-06,3.9584,0.0017609740627931327
iL1,1344,4.3008e-06,4.300800000000001,0.0006367109705991611
iL1,1447,4.6304e-06,4.6304,0.006721201287760035
iL1,1556,4.9792000000000005e-06,4.9792000000000005,0.004355934033429831
iL1,1664,5.3248e-06,5.324800000000001,0.0027138234421254107
iL1,1771,5.6672000000000006e-06,5.6672,0.001454800295145379
iL1,1877,6.006400000000001e-06,6.006400000000001,0.0004386657254001898
iL1,1979,6.332800000000001e-06,6.332800000000001,0.006118524986897875
iL1,2088,6.6816000000000005e-06,6.6816,0.003885484072394113
iL1,2196,7.0272e-06,7.027200000000001,0.002313841461453218
iL1,2303,7.3696000000000006e-06,7.3696,0.0010991669555900725
iL1,2422,7.7504e-06,7.7504,0.0032568843268138887
iL1,2531,8.0992e-06,8.0992,0.0016670650739608506
iL1,2643,8.4576e-06,8.4576,0.005731031965414913
iL1,2752,8.806400000000001e-06,8.806400000000002,0.003575003277227377
iL1,2860,9.152e-06,9.152,0.002045889821879465
iL1,2967,9.4944e-06,9.4944,0.0008640475334381474
iL1,3077,9.846400000000001e-06,9.846400000000001,0.005801956640366665
iL1,3186,1.01952e-05,10.1952,0.003635066641833131
iL1,3294,1.05408e-05,10.5408,0.002099433899968569
iL1,3401,1.0883200000000001e-05,10.8832,0.0009112602406891476
iL1,3513,1.1241600000000001e-05,11.2416,0.005482384245584498
iL1,3622,1.15904e-05,11.5904,0.0033848127408368143
iL1,3730,1.1936e-05,11.936,0.0018871884379224532
iL1,3837,1.2278400000000001e-05,12.278400000000001,0.00073340061066406
iL1,3944,1.2620800000000001e-05,12.620800000000001,0.006388990558031283
iL1,4053,1.29696e-05,12.9696,0.0040954023921240205
iL1,4161,1.3315200000000001e-05,13.3152,0.002491936840080486
iL1,4268,1.3657600000000001e-05,13.6576,0.0012562166920859273
iL1,4376,1.40032e-05,14.0032,0.00031911857420449793
iL1,4471,1.43072e-05,14.307200000000002,0.006372926247305892
iL1,4580,1.4656e-05,14.656,0.0040856006828574746
iL1,4688,1.50016e-05,15.0016,0.0024851915698889167
iL1,4795,1.5344e-05,15.344000000000001,0.0012512915694328083
iL1,4903,1.56896e-05,15.6896,0.00031712423893007663
iL1,4998,1.5993600000000002e-05,15.993600000000002,0.00637119133398192
iL1,5107,1.63424e-05,16.3424,0.004084251899775393
iL1,5215,1.6688e-05,16.688,0.0024838958706830737
iL1,5322,1.7030400000000002e-05,17.030400000000004,0.0012501708946286605
iL1,5430,1.7376e-05,17.376,0.00031695181173715443
iL1,5525,1.768e-05,17.68,0.0063737021844429585
iL1,5634,1.80288e-05,18.0288,0.004086302941041197
iL1,5742,1.83744e-05,18.3744,0.002485543671603769
iL1,5849,1.87168e-05,18.7168,0.0012516994676275083
iL1,5957,1.9062400000000002e-05,19.062400000000004,0.0003171327864221852
iL1,6052,1.93664e-05,19.366400000000002,0.006369383513740213
iL1,6161,1.97152e-05,19.7152,0.004083079468466046
iL1,6270,2.0064e-05,20.064,0.0024828448372087256
iL1,6376,2.04032e-05,20.403200000000002,0.0012493003834693867
iL1,6485,2.0752e-05,20.752,0.00031682014710541167
iL1,6580,2.1056e-05,21.056,0.006374621158498125
iL1,6688,2.1401600000000002e-05,21.401600000000002,0.004087163235717965
iL1,6797,2.17504e-05,21.750400000000003,0.0024868227063999126
iL1,6904,2.20928e-05,22.0928,0.0012527703066317882
iL1,7012,2.2438400000000002e-05,22.4384,0.0003173103008024455
iL1,7107,2.27424e-05,22.7424,0.0063670140874095065
iL1,7216,2.30912e-05,23.0912,0.004081011994433609
iL1,7324,2.3436800000000002e-05,23.4368,0.0024813834056563403
iL1,7431,2.37792e-05,23.7792,0.0012479036851326727
iL1,7539,2.41248e-05,24.1248,0.00031671381511353265
iL1,7634,2.4428800000000002e-05,24.428800000000003,0.006379527020274661
iL1,7743,2.47776e-05,24.777600000000003,0.004090783793010844
iL1,7851,2.51232e-05,25.1232,0.002489530556129516
iL1,7958,2.5465600000000002e-05,25.465600000000002,0.0012551758758084226
iL1,8066,2.58112e-05,25.8112,0.00031773298062055236
iL1,8161,2.61152e-05,26.1152,0.006361957023531112
iL1,8270,2.6464e-05,26.464,0.004077039332118911
iL1,8378,2.68096e-05,26.809600000000003,0.0024776799345881755
iL1,8485,2.7152e-05,27.152,0.0012446614641026363
iL1,8593,2.7497600000000002e-05,27.497600000000002,0.00031637753746829395
iL1,8688,2.78016e-05,27.8016,0.006387751964180373
iL1,8797,2.81504e-05,28.1504,0.004097424191883328
iL1,8905,2.8496e-05,28.496,0.0024949927187708372
iL1,9012,2.88384e-05,28.8384,0.0012601787577340433
iL1,9120,2.9184e-05,29.184,0.0003187461925379842
iL1,9215,2.9488e-05,29.488,0.006349762611756383
iL1,9324,2.9836800000000002e-05,29.836800000000004,0.004067854761115003
iL1,9433,3.01856e-05,30.1856,0.0024701752849769086
iL1,9540,3.0528e-05,30.528000000000002,0.0012379522787829393
iL1,9648,3.08736e-05,30.873600000000003,0.00031634455394491894
iL1,9743,3.11776e-05,31.177599999999998,0.006407268094840545
iL1,9852,3.1526400000000004e-05,31.526400000000002,0.004112578298652003
iL1,9960,3.1872e-05,31.872000000000003,0.002508284796701477
iL2,330,1.0560000000000001e-06,1.056,0.0032481475890762785
iL2,409,1.3088e-06,1.3088,0.003730939999722489
iL2,491,1.5712e-06,1.5712000000000002,3.1815586675707885e-05
iL2,954,3.0528000000000002e-06,3.0528000000000004,0.003544325323224724
iL2,1380,4.416000000000001e-06,4.416,0.0036326637141808472
iL2,1463,4.6816e-06,4.6816,0.0002747646195847503
iL2,1912,6.118400000000001e-06,6.1184,0.0036797704420477445
iL2,1997,6.3904e-06,6.3904,0.000598925297424721
iL2,2360,7.552e-06,7.552,0.003344770574886857
iL2,2578,8.2496e-06,8.2496,0.003148282915129637
iL2,2663,8.5216e-06,8.5216,0.0008260090262479384
iL2,3011,9.6352e-06,9.635200000000001,0.003483479976456217
iL2,3097,9.910400000000001e-06,9.910400000000001,0.0007776616192172597
iL2,3448,1.10336e-05,11.0336,0.0034523882512437504
iL2,3536,1.13152e-05,11.315199999999999,0.0009543335689444194
iL2,3877,1.24064e-05,12.4064,0.0035676184739772705
iL2,3960,1.2672e-05,12.672,0.00045540246353334565
iL2,4403,1.40896e-05,14.089599999999999,0.0037606232150979193
iL2,4488,1.43616e-05,14.3616,0.0004581592696089575
iL2,4931,1.57792e-05,15.7792,0.0037615344924281998
iL2,5015,1.6048e-05,16.048,0.0004591843169496078
iL2,5458,1.74656e-05,17.465600000000002,0.003762068021376924
iL2,5542,1.77344e-05,17.7344,0.00045774094263829434
iL2,5985,1.9152000000000002e-05,19.152,0.0037616779654341317
iL2,6069,1.9420800000000002e-05,19.420800000000003,0.0004598475884585474
iL2,6512,2.08384e-05,20.8384,0.003762354675954071
iL2,6596,2.11072e-05,21.1072,0.0004567326583274065
iL2,7039,2.25248e-05,22.524800000000003,0.0037612225856004087
iL2,7124,2.27968e-05,22.7968,0.00046123280215056906
iL2,7566,2.42112e-05,24.211199999999998,0.003762519842945513
iL2,7651,2.44832e-05,24.4832,0.0004545997894155158
iL2,8094,2.59008e-05,25.9008,0.003760481964575869
iL2,8178,2.61696e-05,26.169600000000003,0.000464218707364624
iL2,8621,2.7587200000000002e-05,27.587200000000003,0.0037637457323697505
iL2,8705,2.7856000000000002e-05,27.856,0.0004499187587797254
iL2,9148,2.92736e-05,29.273600000000002,0.003759014347293385
iL2,9232,2.95424e-05,29.5424,0.0004702802885691896
iL2,9675,3.096e-05,30.96,0.003765514758334785
iL2,9759,3.12288e-05,31.228800000000003,0.00043929874893165
